GSM_ID,SRR_ID
GSM1964932,SRR2977621
GSM1964933,SRR2977622
GSM1964934,SRR2977623
GSM1964935,SRR2977624
GSM1964936,SRR2977625
GSM1964937,SRR2977626
GSM1964938,SRR2977627
GSM1964939,SRR2977628
GSM1964941,SRR2977629
GSM1964943,SRR2977630
GSM1964945,SRR2977631
GSM1964947,SRR2977632
GSM1964948,SRR2977633
GSM1964949,SRR2977634
GSM1964950,SRR2977635
GSM1964951,SRR2977636
GSM1964952,SRR2977637
GSM1964953,SRR2977638
GSM1964954,SRR2977639
GSM1964955,SRR2977640
GSM1964956,SRR2977641
GSM1964957,SRR2977642
GSM1964958,SRR2977643
GSM1964959,SRR2977644
GSM1964960,SRR2977645
GSM1964961,SRR2977646
GSM1964962,SRR2977647
GSM1964963,SRR2977648
GSM1964964,SRR2977649
GSM1964965,SRR2977650
GSM1964966,SRR2977651
GSM1964967,SRR2977652
GSM1964968,SRR2977653
GSM1964969,SRR2977654
GSM1964970,SRR2977655
GSM1964971,SRR2977656
GSM1964972,SRR2977657
GSM1964973,SRR2977658
GSM1964975,SRR2977659
GSM1964977,SRR2977660
GSM1964978,SRR2977661
GSM1964979,SRR2977662
GSM1964980,SRR2977663
GSM1964981,SRR2977664
GSM1964982,SRR2977665
GSM1964983,SRR2977666
GSM1964984,SRR2977667
GSM1964985,SRR2977668
GSM1964986,SRR2977669
GSM1964987,SRR2977670
GSM1964988,SRR2977671
GSM1964989,SRR2977672
GSM1964990,SRR2977673
GSM1964991,SRR2977674
GSM1964992,SRR2977675
GSM1964993,SRR2977676
GSM1964994,SRR2977677
GSM1964995,SRR2977678
GSM1964996,SRR2977679
GSM1964997,SRR2977680
GSM1964998,SRR2977681
GSM1964999,SRR2977682
GSM1965000,SRR2977683
GSM1965001,SRR2977684
GSM1965002,SRR2977685
GSM1965003,SRR2977686
GSM1965004,SRR2977687
GSM1965005,SRR2977688
GSM1965006,SRR2977689
GSM1965007,SRR2977690
GSM1965008,SRR2977691
GSM1965009,SRR2977692
GSM1965010,SRR2977693
GSM1965011,SRR2977694
GSM1965012,SRR2977695
GSM1965013,SRR2977696
GSM1965014,SRR2977697
GSM1965015,SRR2977698
GSM1965016,SRR2977699
GSM1965017,SRR2977700
GSM1965018,SRR2977701
GSM1965019,SRR2977702
GSM1965020,SRR2977703
GSM1965021,SRR2977704
GSM1965022,SRR2977705
GSM1965023,SRR2977706
GSM1965024,SRR2977707
GSM1965025,SRR2977708
GSM1965026,SRR2977709
GSM1965027,SRR2977710
GSM1965028,SRR2977711
GSM1965029,SRR2977712
GSM1965030,SRR2977713
GSM1965031,SRR2977714
GSM1965032,SRR2977715
GSM1965033,SRR2977716
GSM1965034,SRR2977717
GSM1965035,SRR2977718
GSM1965036,SRR2977719
GSM1965037,SRR2977720
GSM1965038,SRR2977721
GSM1965039,SRR2977722
GSM1965040,SRR2977723
GSM1965041,SRR2977724
GSM1965042,SRR2977725
GSM1965043,SRR2977726
GSM1965044,SRR2977727
GSM1965045,SRR2977728
GSM1965046,SRR2977729
GSM1965047,SRR2977730
GSM1965048,SRR2977731
GSM1965049,SRR2977732
GSM1965050,SRR2977733
GSM1965051,SRR2977734
GSM1965052,SRR2977735
GSM1965053,SRR2977736
GSM1965054,SRR2977737
GSM1965055,SRR2977738
GSM1965056,SRR2977739
GSM1965057,SRR2977740
GSM1965058,SRR2977741
GSM1965059,SRR2977742
GSM1965060,SRR2977743
GSM1965061,SRR2977744
GSM1965062,SRR2977745
GSM1965063,SRR2977746
GSM1965064,SRR2977747
GSM1965065,SRR2977748
GSM1965066,SRR2977749
GSM1965067,SRR2977750
GSM1965068,SRR2977751
GSM1965069,SRR2977752
GSM1965070,SRR2977753
GSM1965071,SRR2977754
GSM1965072,SRR2977755
GSM1965073,SRR2977756
GSM1965074,SRR2977757
GSM1965075,SRR2977758
GSM1965076,SRR2977759
GSM1965077,SRR2977760
GSM1965078,SRR2977761
GSM1965079,SRR2977762
GSM1965080,SRR2977763
GSM1965081,SRR2977764
GSM1965082,SRR2977765
GSM1965083,SRR2977766
GSM1965084,SRR2977767
GSM1965085,SRR2977768
GSM1965086,SRR2977769
GSM1965087,SRR2977770
GSM1965088,SRR2977771
GSM1965089,SRR2977772
GSM1965090,SRR2977773
GSM1965091,SRR2977774
GSM1965092,SRR2977775
GSM1965093,SRR2977776
GSM1965094,SRR2977777
GSM1965095,SRR2977778
GSM1965096,SRR2977779
GSM1965097,SRR2977780
GSM1965098,SRR2977781
GSM1965099,SRR2977782
GSM1965100,SRR2977783
GSM1965101,SRR2977784
GSM1965102,SRR2977785
GSM1965103,SRR2977786
GSM1965104,SRR2977787
GSM1965105,SRR2977788
GSM1965106,SRR2977789
GSM1965107,SRR2977790
GSM1965108,SRR2977791
GSM1965109,SRR2977792
GSM1965110,SRR2977793
GSM1965111,SRR2977794
GSM1965112,SRR2977795
GSM1965113,SRR2977796
GSM1965114,SRR2977797
GSM1965115,SRR2977798
GSM1965116,SRR2977799
GSM1965117,SRR2977800
GSM1965118,SRR2977801
GSM1965119,SRR2977802
GSM1965120,SRR2977803
GSM1965121,SRR2977804
GSM1965122,SRR2977805
GSM1965123,SRR2977806
GSM1965124,SRR2977807
GSM1965125,SRR2977808
GSM1965126,SRR2977809
GSM1965127,SRR2977810
GSM1965128,SRR2977811
GSM1965129,SRR2977812
GSM1965130,SRR2977813
GSM1965131,SRR2977814
GSM1965132,SRR2977815
GSM1965133,SRR2977816
GSM1965134,SRR2977817
GSM1965135,SRR2977818
GSM1965136,SRR2977819
GSM1965137,SRR2977820
GSM1965138,SRR2977821
GSM1965139,SRR2977822
GSM1965140,SRR2977823
GSM1965141,SRR2977824
GSM1965142,SRR2977825
GSM1965143,SRR2977826
GSM1965144,SRR2977827
GSM1965145,SRR2977828
GSM1965146,SRR2977830
GSM1965147,SRR2977831
GSM1965148,SRR2977832
GSM1965149,SRR2977833
GSM1965150,SRR2977834
GSM1965151,SRR2977835
GSM1965152,SRR2977836
GSM1965153,SRR2977837
GSM1965154,SRR2977838
GSM1965155,SRR2977839
GSM1965156,SRR2977840
GSM1965157,SRR2977841
GSM1965158,SRR2977842
GSM1965159,SRR2977843
GSM1965160,SRR2977844
GSM1965161,SRR2977845
GSM1965162,SRR2977846
GSM1965163,SRR2977847
GSM1965164,SRR2977848
GSM1965165,SRR2977849
GSM1965166,SRR2977850
GSM1965167,SRR2977851
GSM1965168,SRR2977852
GSM1965169,SRR2977853
GSM1965170,SRR2977854
GSM1965171,SRR2977855
GSM1965172,SRR2977856
GSM1965173,SRR2977857
GSM1965174,SRR2977858
GSM1965175,SRR2977859
GSM1965176,SRR2977860
GSM1965177,SRR2977861
GSM1965178,SRR2977862
GSM1965179,SRR2977863
GSM1965180,SRR2977864
GSM1965181,SRR2977865
GSM1965182,SRR2977866
GSM1965183,SRR2977867
GSM1965184,SRR2977868
GSM1965185,SRR2977869
GSM1965186,SRR2977870
GSM1965187,SRR2977871
GSM1965188,SRR2977872
GSM1965189,SRR2977873
GSM1965190,SRR2977874
GSM1965191,SRR2977875
GSM1965192,SRR2977876
GSM1965193,SRR2977877
GSM1965194,SRR2977878
GSM1965195,SRR2977879
GSM1965196,SRR2977880
GSM1965197,SRR2977881
GSM1965198,SRR2977882
GSM1965199,SRR2977883
GSM1965200,SRR2977884
GSM1965201,SRR2977885
GSM1965202,SRR2977886
GSM1965203,SRR2977887
GSM1965204,SRR2977888
GSM1965205,SRR2977889
GSM1965206,SRR2977890
GSM1965207,SRR2977891
GSM1965208,SRR2977892
GSM1965209,SRR2977893
GSM1965210,SRR2977894
GSM1965211,SRR2977895
GSM1965212,SRR2977896
GSM1965213,SRR2977897
GSM1965214,SRR2977898
GSM1965215,SRR2977899
GSM1965216,SRR2977900
GSM1965217,SRR2977901
GSM1965218,SRR2977902
GSM1965219,SRR2977903
GSM1965220,SRR2977904
GSM1965221,SRR2977905
GSM1965222,SRR2977906
GSM1965223,SRR2977907
GSM1965224,SRR2977908
GSM1965225,SRR2977909
GSM1965226,SRR2977910
GSM1965227,SRR2977911
GSM1965228,SRR2977912
GSM1965229,SRR2977913
GSM1965230,SRR2977914
GSM1965231,SRR2977915
GSM1965232,SRR2977916
GSM1965233,SRR2977917
GSM1965234,SRR2977918
GSM1965235,SRR2977919
GSM1965236,SRR2977920
GSM1965237,SRR2977921
GSM1965238,SRR2977922
GSM1965239,SRR2977923
GSM1965240,SRR2977924
GSM1965241,SRR2977925
GSM1965242,SRR2977926
GSM1965243,SRR2977927
GSM1965244,SRR2977928
GSM1965245,SRR2977929
GSM1965246,SRR2977930
GSM1965247,SRR2977931
GSM1965248,SRR2977932
GSM1965249,SRR2977933
GSM1965250,SRR2977934
GSM1965251,SRR2977935
GSM1965252,SRR2977936
GSM1965253,SRR2977937
GSM1965254,SRR2977938
GSM1965255,SRR2977939
GSM1965256,SRR2977940
GSM1965257,SRR2977941
GSM1965258,SRR2977942
GSM1965259,SRR2977943
GSM1965260,SRR2977944
GSM1965261,SRR2977945
GSM1965262,SRR2977946
GSM1965263,SRR2977947
GSM1965264,SRR2977948
GSM1965265,SRR2977949
GSM1965266,SRR2977950
GSM1965267,SRR2977951
GSM1965268,SRR2977952
GSM1965269,SRR2977953
GSM1965270,SRR2977954
GSM1965271,SRR2977955
GSM1965272,SRR2977956
GSM1965273,SRR2977957
GSM1965274,SRR2977958
GSM1965275,SRR2977959
GSM1965276,SRR2977960
GSM1965277,SRR2977961
GSM1965278,SRR2977962
GSM1965279,SRR2977963
GSM1965280,SRR2977964
GSM1965281,SRR2977965
GSM1965282,SRR2977966
GSM1965283,SRR2977967
GSM1965284,SRR2977968
GSM1965285,SRR2977969
GSM1965286,SRR2977970
GSM1965287,SRR2977971
GSM1965288,SRR2977972
GSM1965289,SRR2977973
GSM1965290,SRR2977974
GSM1965291,SRR2977975
GSM1965292,SRR2977976
GSM1965293,SRR2977977
GSM1965294,SRR2977978
GSM1965295,SRR2977979
GSM1965296,SRR2977980
GSM1965297,SRR2977981
GSM1965298,SRR2977982
GSM1965299,SRR2977983
GSM1965300,SRR2977984
GSM1965301,SRR2977985
GSM1965302,SRR2977986
GSM1965303,SRR2977987
GSM1965304,SRR2977988
GSM1965305,SRR2977989
GSM1965306,SRR2977991
GSM1965307,SRR2977992
GSM1965308,SRR2977993
GSM1965309,SRR2977994
GSM1965310,SRR2977995
GSM1965311,SRR2977996
GSM1965312,SRR2977997
GSM1965313,SRR2977998
GSM1965314,SRR2977999
GSM1965315,SRR2978000
GSM1965316,SRR2978001
GSM1965317,SRR2978002
GSM1965318,SRR2978003
GSM1965319,SRR2978004
GSM1965320,SRR2978005
GSM1965321,SRR2978006
GSM1965322,SRR2978007
GSM1965323,SRR2978008
GSM1965324,SRR2978009
GSM1965325,SRR2978010
GSM1965326,SRR2978011
GSM1965327,SRR2978012
GSM1965328,SRR2978013
GSM1965329,SRR2978014
GSM1965330,SRR2978015
GSM1965331,SRR2978016
GSM1965332,SRR2978017
GSM1965333,SRR2978018
GSM1965334,SRR2978019
GSM1965335,SRR2978020
GSM1965336,SRR2978021
GSM1965337,SRR2978022
GSM1965338,SRR2978023
GSM1965339,SRR2978024
GSM1965340,SRR2978025
GSM1965341,SRR2978026
GSM1965342,SRR2978027
GSM1965343,SRR2978028
GSM1965344,SRR2978029
GSM1965345,SRR2978030
GSM1965346,SRR2978031
GSM1965347,SRR2978032
GSM1965348,SRR2978033
GSM1965349,SRR2978034
GSM1965350,SRR2978035
GSM1965351,SRR2978036
GSM1965352,SRR2978037
GSM1965353,SRR2978038
GSM1965354,SRR2978039
GSM1965355,SRR2978040
GSM1965356,SRR2978041
GSM1965357,SRR2978042
GSM1965358,SRR2978043
GSM1965359,SRR2978044
GSM1965360,SRR2978045
GSM1965361,SRR2978046
GSM1965362,SRR2978047
GSM1965363,SRR2978048
GSM1965364,SRR2978049
GSM1965365,SRR2978050
GSM1965366,SRR2978051
GSM1965367,SRR2978052
GSM1965368,SRR2978053
GSM1965369,SRR2978054
GSM1965370,SRR2978055
GSM1965371,SRR2978056
GSM1965372,SRR2978057
GSM1965373,SRR2978058
GSM1965374,SRR2978059
GSM1965375,SRR2978060
GSM1965376,SRR2978061
GSM1965377,SRR2978062
GSM1965378,SRR2978063
GSM1965379,SRR2978064
GSM1965380,SRR2978065
GSM1965381,SRR2978066
GSM1965382,SRR2978067
GSM1965383,SRR2978068
GSM1965384,SRR2978069
GSM1965385,SRR2978070
GSM1965386,SRR2978071
GSM1965387,SRR2978072
GSM1965388,SRR2978073
GSM1965389,SRR2978074
GSM1965390,SRR2978075
GSM1965391,SRR2978076
GSM1965392,SRR2978077
GSM1965393,SRR2978078
GSM1965394,SRR2978079
GSM1965395,SRR2978080
GSM1965396,SRR2978081
GSM1965397,SRR2978082
GSM1965398,SRR2978083
GSM1965399,SRR2978084
GSM1965400,SRR2978085
GSM1965401,SRR2978086
GSM1965402,SRR2978087
GSM1965403,SRR2978088
GSM1965404,SRR2978089
GSM1965405,SRR2978090
GSM1965406,SRR2978091
GSM1965407,SRR2978092
GSM1965408,SRR2978093
GSM1965409,SRR2978094
GSM1965410,SRR2978095
GSM1965411,SRR2978096
GSM1965412,SRR2978097
GSM1965413,SRR2978098
GSM1965414,SRR2978099
GSM1965415,SRR2978100
GSM1965416,SRR2978101
GSM1965417,SRR2978102
GSM1965418,SRR2978103
GSM1965419,SRR2978104
GSM1965420,SRR2978105
GSM1965421,SRR2978106
GSM1965422,SRR2978107
GSM1965423,SRR2978108
GSM1965424,SRR2978109
GSM1965425,SRR2978110
GSM1965426,SRR2978111
GSM1965427,SRR2978112
GSM1965428,SRR2978113
GSM1965429,SRR2978114
GSM1965430,SRR2978115
GSM1965431,SRR2978116
GSM1965432,SRR2978117
GSM1965433,SRR2978118
GSM1965434,SRR2978119
GSM1965435,SRR2978120
GSM1965436,SRR2978121
GSM1965437,SRR2978122
GSM1965438,SRR2978123
GSM1965439,SRR2978124
GSM1965440,SRR2978125
GSM1965441,SRR2978126
GSM1965442,SRR2978127
GSM1965443,SRR2978128
GSM1965444,SRR2978129
GSM1965445,SRR2978130
GSM1965446,SRR2978131
GSM1965447,SRR2978132
GSM1965448,SRR2978133
GSM1965449,SRR2978134
GSM1965450,SRR2978135
GSM1965451,SRR2978136
GSM1965452,SRR2978137
GSM1965453,SRR2978138
GSM1965454,SRR2978139
GSM1965455,SRR2978140
GSM1965456,SRR2978141
GSM1965457,SRR2978142
GSM1965458,SRR2978143
GSM1965459,SRR2978144
GSM1965460,SRR2978145
GSM1965461,SRR2978146
GSM1965462,SRR2978147
GSM1965463,SRR2978148
GSM1965464,SRR2978149
GSM1965465,SRR2978150
GSM1965466,SRR2978151
GSM1965467,SRR2978152
GSM1965468,SRR2978153
GSM1965469,SRR2978154
GSM1965470,SRR2978155
GSM1965471,SRR2978156
GSM1965472,SRR2978157
GSM1965473,SRR2978158
GSM1965474,SRR2978159
GSM1965475,SRR2978160
GSM1965476,SRR2978161
GSM1965477,SRR2978162
GSM1965478,SRR2978163
GSM1965479,SRR2978164
GSM1965480,SRR2978165
GSM1965481,SRR2978166
GSM1965482,SRR2978167
GSM1965483,SRR2978168
GSM1965484,SRR2978169
GSM1965485,SRR2978170
GSM1965486,SRR2978171
GSM1965487,SRR2978172
GSM1965488,SRR2978173
GSM1965489,SRR2978174
GSM1965490,SRR2978175
GSM1965491,SRR2978176
GSM1965492,SRR2978177
GSM1965493,SRR2978179
GSM1965494,SRR2978180
GSM1965495,SRR2978181
GSM1965496,SRR2978182
GSM1965497,SRR2978183
GSM1965498,SRR2978184
GSM1965499,SRR2978185
GSM1965500,SRR2978186
GSM1965501,SRR2978187
GSM1965502,SRR2978188
GSM1965503,SRR2978189
GSM1965504,SRR2978190
GSM1965505,SRR2978191
GSM1965506,SRR2978192
GSM1965507,SRR2978193
GSM1965508,SRR2978194
GSM1965509,SRR2978195
GSM1965510,SRR2978196
GSM1965511,SRR2978197
GSM1965512,SRR2978198
GSM1965513,SRR2978199
GSM1965514,SRR2978200
GSM1965515,SRR2978201
GSM1965516,SRR2978202
GSM1965517,SRR2978203
GSM1965518,SRR2978204
GSM1965519,SRR2978205
GSM1965520,SRR2978206
GSM1965521,SRR2978207
GSM1965522,SRR2978208
GSM1965523,SRR2978209
GSM1965524,SRR2978210
GSM1965525,SRR2978211
GSM1965526,SRR2978212
GSM1965527,SRR2978213
GSM1965528,SRR2978214
GSM1965529,SRR2978215
GSM1965530,SRR2978216
GSM1965531,SRR2978217
GSM1965532,SRR2978218
GSM1965533,SRR2978219
GSM1965534,SRR2978220
GSM1965535,SRR2978221
GSM1965536,SRR2978222
GSM1965537,SRR2978223
GSM1965538,SRR2978224
GSM1965539,SRR2978225
GSM1965540,SRR2978226
GSM1965541,SRR2978227
GSM1965542,SRR2978228
GSM1965543,SRR2978229
GSM1965544,SRR2978230
GSM1965545,SRR2978231
GSM1965546,SRR2978232
GSM1965547,SRR2978233
GSM1965548,SRR2978234
GSM1965549,SRR2978235
GSM1965550,SRR2978236
GSM1965551,SRR2978237
GSM1965552,SRR2978238
GSM1965553,SRR2978239
GSM1965554,SRR2978240
GSM1965555,SRR2978241
GSM1965556,SRR2978242
GSM1965557,SRR2978243
GSM1965558,SRR2978244
GSM1965559,SRR2978245
GSM1965560,SRR2978246
GSM1965561,SRR2978247
GSM1965562,SRR2978248
GSM1965563,SRR2978249
GSM1965564,SRR2978250
GSM1965565,SRR2978251
GSM1965566,SRR2978252
GSM1965567,SRR2978253
GSM1965568,SRR2978254
GSM1965569,SRR2978255
GSM1965570,SRR2978256
GSM1965571,SRR2978257
GSM1965572,SRR2978258
GSM1965573,SRR2978259
GSM1965574,SRR2978260
GSM1965575,SRR2978261
GSM1965576,SRR2978262
GSM1965577,SRR2978263
GSM1965578,SRR2978264
GSM1965579,SRR2978265
GSM1965580,SRR2978266
GSM1965581,SRR2978267
GSM1965582,SRR2978268
GSM1965583,SRR2978269
GSM1965584,SRR2978270
GSM1965585,SRR2978271
GSM1965586,SRR2978272
GSM1965587,SRR2978273
GSM1965588,SRR2978274
GSM1965589,SRR2978275
GSM1965590,SRR2978276
GSM1965591,SRR2978277
GSM1965592,SRR2978278
GSM1965593,SRR2978279
GSM1965594,SRR2978280
GSM1965595,SRR2978281
GSM1965596,SRR2978282
GSM1965597,SRR2978283
GSM1965598,SRR2978284
GSM1965599,SRR2978285
GSM1965600,SRR2978286
GSM1965601,SRR2978287
GSM1965602,SRR2978288
GSM1965603,SRR2978289
GSM1965604,SRR2978290
GSM1965605,SRR2978291
GSM1965606,SRR2978292
GSM1965607,SRR2978293
GSM1965608,SRR2978294
GSM1965609,SRR2978295
GSM1965610,SRR2978296
GSM1965611,SRR2978297
GSM1965612,SRR2978298
GSM1965613,SRR2978299
GSM1965614,SRR2978300
GSM1965615,SRR2978301
GSM1965616,SRR2978302
GSM1965617,SRR2978303
GSM1965618,SRR2978304
GSM1965619,SRR2978305
GSM1965620,SRR2978306
GSM1965621,SRR2978307
GSM1965622,SRR2978308
GSM1965623,SRR2978309
GSM1965624,SRR2978310
GSM1965625,SRR2978311
GSM1965626,SRR2978312
GSM1965627,SRR2978313
GSM1965628,SRR2978314
GSM1965629,SRR2978315
GSM1965630,SRR2978316
GSM1965631,SRR2978317
GSM1965632,SRR2978318
GSM1965633,SRR2978319
GSM1965634,SRR2978320
GSM1965635,SRR2978321
GSM1965636,SRR2978322
GSM1965637,SRR2978323
GSM1965638,SRR2978324
GSM1965639,SRR2978325
GSM1965640,SRR2978326
GSM1965641,SRR2978327
GSM1965642,SRR2978328
GSM1965643,SRR2978329
GSM1965644,SRR2978330
GSM1965645,SRR2978331
GSM1965646,SRR2978332
GSM1965647,SRR2978333
GSM1965648,SRR2978334
GSM1965649,SRR2978335
GSM1965650,SRR2978336
GSM1965651,SRR2978337
GSM1965652,SRR2978338
GSM1965653,SRR2978339
GSM1965654,SRR2978340
GSM1965655,SRR2978341
GSM1965656,SRR2978342
GSM1965657,SRR2978343
GSM1965658,SRR2978344
GSM1965659,SRR2978345
GSM1965660,SRR2978346
GSM1965661,SRR2978347
GSM1965662,SRR2978348
GSM1965663,SRR2978349
GSM1965664,SRR2978350
GSM1965665,SRR2978351
GSM1965666,SRR2978352
GSM1965667,SRR2978353
GSM1965668,SRR2978355
GSM1965669,SRR2978356
GSM1965670,SRR2978357
GSM1965671,SRR2978358
GSM1965672,SRR2978359
GSM1965673,SRR2978360
GSM1965674,SRR2978361
GSM1965675,SRR2978362
GSM1965676,SRR2978363
GSM1965677,SRR2978364
GSM1965678,SRR2978365
GSM1965679,SRR2978366
GSM1965680,SRR2978367
GSM1965681,SRR2978368
GSM1965682,SRR2978369
GSM1965683,SRR2978370
GSM1965684,SRR2978371
GSM1965685,SRR2978372
GSM1965686,SRR2978373
GSM1965687,SRR2978374
GSM1965688,SRR2978375
GSM1965689,SRR2978376
GSM1965690,SRR2978377
GSM1965691,SRR2978378
GSM1965692,SRR2978379
GSM1965693,SRR2978380
GSM1965694,SRR2978381
GSM1965695,SRR2978382
GSM1965696,SRR2978383
GSM1965697,SRR2978384
GSM1965698,SRR2978385
GSM1965699,SRR2978386
GSM1965700,SRR2978387
GSM1965701,SRR2978388
GSM1965702,SRR2978389
GSM1965703,SRR2978390
GSM1965704,SRR2978391
GSM1965705,SRR2978392
GSM1965706,SRR2978393
GSM1965707,SRR2978394
GSM1965708,SRR2978395
GSM1965709,SRR2978396
GSM1965710,SRR2978397
GSM1965711,SRR2978398
GSM1965712,SRR2978399
GSM1965713,SRR2978400
GSM1965714,SRR2978401
GSM1965715,SRR2978402
GSM1965716,SRR2978403
GSM1965717,SRR2978404
GSM1965718,SRR2978405
GSM1965719,SRR2978406
GSM1965720,SRR2978407
GSM1965721,SRR2978408
GSM1965722,SRR2978409
GSM1965723,SRR2978410
GSM1965724,SRR2978411
GSM1965725,SRR2978412
GSM1965726,SRR2978413
GSM1965727,SRR2978414
GSM1965728,SRR2978415
GSM1965729,SRR2978416
GSM1965730,SRR2978417
GSM1965731,SRR2978418
GSM1965732,SRR2978419
GSM1965733,SRR2978420
GSM1965734,SRR2978421
GSM1965735,SRR2978422
GSM1965736,SRR2978423
GSM1965737,SRR2978424
GSM1965738,SRR2978425
GSM1965739,SRR2978426
GSM1965740,SRR2978427
GSM1965741,SRR2978428
GSM1965742,SRR2978429
GSM1965743,SRR2978430
GSM1965744,SRR2978431
GSM1965745,SRR2978432
GSM1965746,SRR2978433
GSM1965747,SRR2978434
GSM1965748,SRR2978435
GSM1965749,SRR2978436
GSM1965750,SRR2978437
GSM1965751,SRR2978438
GSM1965752,SRR2978439
GSM1965753,SRR2978440
GSM1965754,SRR2978441
GSM1965755,SRR2978442
GSM1965756,SRR2978443
GSM1965757,SRR2978444
GSM1965758,SRR2978445
GSM1965759,SRR2978446
GSM1965760,SRR2978447
GSM1965761,SRR2978448
GSM1965762,SRR2978449
GSM1965763,SRR2978450
GSM1965764,SRR2978451
GSM1965765,SRR2978452
GSM1965766,SRR2978453
GSM1965767,SRR2978454
GSM1965768,SRR2978455
GSM1965769,SRR2978456
GSM1965770,SRR2978457
GSM1965771,SRR2978458
GSM1965772,SRR2978459
GSM1965773,SRR2978460
GSM1965774,SRR2978461
GSM1965775,SRR2978462
GSM1965776,SRR2978463
GSM1965777,SRR2978464
GSM1965778,SRR2978465
GSM1965779,SRR2978466
GSM1965780,SRR2978467
GSM1965781,SRR2978468
GSM1965782,SRR2978469
GSM1965783,SRR2978470
GSM1965784,SRR2978471
GSM1965785,SRR2978472
GSM1965786,SRR2978473
GSM1965787,SRR2978474
GSM1965788,SRR2978475
GSM1965789,SRR2978476
GSM1965790,SRR2978477
GSM1965791,SRR2978478
GSM1965792,SRR2978479
GSM1965793,SRR2978480
GSM1965794,SRR2978481
GSM1965795,SRR2978482
GSM1965796,SRR2978483
GSM1965797,SRR2978484
GSM1965798,SRR2978485
GSM1965799,SRR2978486
GSM1965800,SRR2978487
GSM1965801,SRR2978488
GSM1965802,SRR2978489
GSM1965803,SRR2978490
GSM1965804,SRR2978491
GSM1965805,SRR2978492
GSM1965806,SRR2978493
GSM1965807,SRR2978494
GSM1965808,SRR2978495
GSM1965809,SRR2978496
GSM1965810,SRR2978497
GSM1965811,SRR2978498
GSM1965812,SRR2978499
GSM1965813,SRR2978500
GSM1965814,SRR2978501
GSM1965815,SRR2978502
GSM1965816,SRR2978503
GSM1965817,SRR2978504
GSM1965818,SRR2978505
GSM1965819,SRR2978506
GSM1965820,SRR2978507
GSM1965821,SRR2978508
GSM1965822,SRR2978509
GSM1965823,SRR2978510
GSM1965824,SRR2978512
GSM1965825,SRR2978513
GSM1965826,SRR2978514
GSM1965827,SRR2978515
GSM1965828,SRR2978516
GSM1965829,SRR2978517
GSM1965830,SRR2978518
GSM1965831,SRR2978519
GSM1965832,SRR2978520
GSM1965833,SRR2978521
GSM1965834,SRR2978522
GSM1965835,SRR2978523
GSM1965836,SRR2978524
GSM1965837,SRR2978525
GSM1965838,SRR2978526
GSM1965839,SRR2978527
GSM1965840,SRR2978528
GSM1965841,SRR2978529
GSM1965842,SRR2978530
GSM1965843,SRR2978531
GSM1965844,SRR2978532
GSM1965845,SRR2978533
GSM1965846,SRR2978534
GSM1965847,SRR2978535
GSM1965848,SRR2978536
GSM1965849,SRR2978537
GSM1965850,SRR2978538
GSM1965851,SRR2978539
GSM1965852,SRR2978540
GSM1965853,SRR2978541
GSM1965854,SRR2978542
GSM1965855,SRR2978543
GSM1965856,SRR2978544
GSM1965857,SRR2978545
GSM1965858,SRR2978546
GSM1965859,SRR2978547
GSM1965860,SRR2978548
GSM1965861,SRR2978549
GSM1965862,SRR2978550
GSM1965863,SRR2978551
GSM1965864,SRR2978552
GSM1965865,SRR2978553
GSM1965866,SRR2978554
GSM1965867,SRR2978555
GSM1965868,SRR2978556
GSM1965869,SRR2978557
GSM1965870,SRR2978558
GSM1965871,SRR2978559
GSM1965872,SRR2978560
GSM1965873,SRR2978561
GSM1965874,SRR2978562
GSM1965875,SRR2978563
GSM1965876,SRR2978564
GSM1965877,SRR2978565
GSM1965878,SRR2978566
GSM1965879,SRR2978567
GSM1965880,SRR2978568
GSM1965881,SRR2978569
GSM1965882,SRR2978570
GSM1965883,SRR2978571
GSM1965884,SRR2978572
GSM1965885,SRR2978573
GSM1965886,SRR2978574
GSM1965887,SRR2978575
GSM1965888,SRR2978576
GSM1965889,SRR2978577
GSM1965890,SRR2978578
GSM1965891,SRR2978579
GSM1965892,SRR2978580
GSM1965893,SRR2978581
GSM1965894,SRR2978582
GSM1965895,SRR2978583
GSM1965896,SRR2978584
GSM1965897,SRR2978585
GSM1965898,SRR2978586
GSM1965899,SRR2978587
GSM1965900,SRR2978588
GSM1965901,SRR2978589
GSM1965902,SRR2978590
GSM1965903,SRR2978591
GSM1965904,SRR2978592
GSM1965905,SRR2978593
GSM1965906,SRR2978594
GSM1965907,SRR2978595
GSM1965908,SRR2978596
GSM1965909,SRR2978597
GSM1965910,SRR2978598
GSM1965911,SRR2978599
GSM1965912,SRR2978600
GSM1965913,SRR2978601
GSM1965914,SRR2978602
GSM1965915,SRR2978603
GSM1965916,SRR2978604
GSM1965917,SRR2978605
GSM1965918,SRR2978606
GSM1965919,SRR2978607
GSM1965920,SRR2978608
GSM1965921,SRR2978609
GSM1965922,SRR2978610
GSM1965923,SRR2978611
GSM1965924,SRR2978612
GSM1965925,SRR2978613
GSM1965926,SRR2978614
GSM1965927,SRR2978615
GSM1965928,SRR2978616
GSM1965929,SRR2978617
GSM1965930,SRR2978618
GSM1965931,SRR2978619
GSM1965932,SRR2978620
GSM1965933,SRR2978621
GSM1965934,SRR2978622
GSM1965935,SRR2978623
GSM1965936,SRR2978624
GSM1965937,SRR2978625
GSM1965938,SRR2978626
GSM1965939,SRR2978627
GSM1965940,SRR2978628
GSM1965941,SRR2978629
GSM1965942,SRR2978630
GSM1965943,SRR2978631
GSM1965944,SRR2978632
GSM1965945,SRR2978633
GSM1965946,SRR2978634
GSM1965947,SRR2978635
GSM1965948,SRR2978636
GSM1965949,SRR2978637
GSM1965950,SRR2978638
GSM1965951,SRR2978639
GSM1965952,SRR2978640
GSM1965953,SRR2978641
GSM1965954,SRR2978642
GSM1965955,SRR2978643
GSM1965956,SRR2978644
GSM1965957,SRR2978645
GSM1965958,SRR2978646
GSM1965959,SRR2978647
GSM1965960,SRR2978648
GSM1965961,SRR2978649
GSM1965962,SRR2978650
GSM1965963,SRR2978651
GSM1965964,SRR2978652
GSM1965965,SRR2978653
GSM1965966,SRR2978654
GSM1965967,SRR2978655
GSM1965968,SRR2978656
GSM1965969,SRR2978657
GSM1965970,SRR2978658
GSM1965971,SRR2978659
GSM1965972,SRR2978660
GSM1965973,SRR2978661
GSM1965974,SRR2978662
GSM1965975,SRR2978663
GSM1965976,SRR2978664
GSM1965977,SRR2978665
GSM1965978,SRR2978666
GSM1965979,SRR2978667
GSM1965980,SRR2978668
GSM1965981,SRR2978669
GSM1965982,SRR2978670
GSM1965983,SRR2978671
GSM1965984,SRR2978672
GSM1965985,SRR2978673
GSM1965986,SRR2978675
GSM1965987,SRR2978676
GSM1965988,SRR2978677
GSM1965989,SRR2978678
GSM1965990,SRR2978679
GSM1965991,SRR2978680
GSM1965992,SRR2978681
GSM1965993,SRR2978682
GSM1965994,SRR2978683
GSM1965995,SRR2978684
GSM1965996,SRR2978685
GSM1965997,SRR2978686
GSM1965998,SRR2978687
GSM1965999,SRR2978688
GSM1966000,SRR2978689
GSM1966001,SRR2978690
GSM1966002,SRR2978691
GSM1966003,SRR2978692
GSM1966004,SRR2978693
GSM1966005,SRR2978694
GSM1966006,SRR2978695
GSM1966007,SRR2978696
GSM1966008,SRR2978697
GSM1966009,SRR2978698
GSM1966010,SRR2978699
GSM1966011,SRR2978700
GSM1966012,SRR2978701
GSM1966013,SRR2978702
GSM1966014,SRR2978703
GSM1966015,SRR2978704
GSM1966016,SRR2978705
GSM1966017,SRR2978706
GSM1966018,SRR2978707
GSM1966019,SRR2978708
GSM1966020,SRR2978709
GSM1966021,SRR2978710
GSM1966022,SRR2978711
GSM1966023,SRR2978712
GSM1966024,SRR2978713
GSM1966025,SRR2978714
GSM1966026,SRR2978715
GSM1966027,SRR2978716
GSM1966028,SRR2978717
GSM1966029,SRR2978718
GSM1966030,SRR2978719
GSM1966031,SRR2978720
GSM1966032,SRR2978721
GSM1966033,SRR2978722
GSM1966034,SRR2978723
GSM1966035,SRR2978724
GSM1966036,SRR2978725
GSM1966037,SRR2978726
GSM1966038,SRR2978727
GSM1966039,SRR2978728
GSM1966040,SRR2978729
GSM1966041,SRR2978730
GSM1966042,SRR2978731
GSM1966043,SRR2978732
GSM1966044,SRR2978733
GSM1966045,SRR2978734
GSM1966046,SRR2978735
GSM1966047,SRR2978736
GSM1966048,SRR2978737
GSM1966049,SRR2978738
GSM1966050,SRR2978739
GSM1966051,SRR2978740
GSM1966052,SRR2978741
GSM1966053,SRR2978742
GSM1966054,SRR2978743
GSM1966055,SRR2978744
GSM1966056,SRR2978745
GSM1966057,SRR2978746
GSM1966058,SRR2978747
GSM1966059,SRR2978748
GSM1966060,SRR2978749
GSM1966061,SRR2978750
GSM1966062,SRR2978751
GSM1966063,SRR2978752
GSM1966064,SRR2978753
GSM1966065,SRR2978754
GSM1966066,SRR2978755
GSM1966067,SRR2978756
GSM1966068,SRR2978757
GSM1966069,SRR2978758
GSM1966070,SRR2978759
GSM1966071,SRR2978760
GSM1966072,SRR2978761
GSM1966073,SRR2978762
GSM1966074,SRR2978763
GSM1966075,SRR2978764
GSM1966076,SRR2978765
GSM1966077,SRR2978766
GSM1966078,SRR2978767
GSM1966079,SRR2978768
GSM1966080,SRR2978769
GSM1966081,SRR2978770
GSM1966082,SRR2978771
GSM1966083,SRR2978772
GSM1966084,SRR2978773
GSM1966085,SRR2978774
GSM1966086,SRR2978775
GSM1966087,SRR2978776
GSM1966088,SRR2978777
GSM1966089,SRR2978778
GSM1966090,SRR2978779
GSM1966091,SRR2978780
GSM1966092,SRR2978781
GSM1966093,SRR2978782
GSM1966094,SRR2978783
GSM1966095,SRR2978784
GSM1966096,SRR2978785
GSM1966097,SRR2978786
GSM1966098,SRR2978787
GSM1966099,SRR2978788
GSM1966100,SRR2978789
GSM1966101,SRR2978790
GSM1966102,SRR2978791
GSM1966103,SRR2978792
GSM1966104,SRR2978793
GSM1966105,SRR2978794
GSM1966106,SRR2978795
GSM1966107,SRR2978796
GSM1966108,SRR2978797
GSM1966109,SRR2978798
GSM1966110,SRR2978799
GSM1966111,SRR2978800
GSM1966112,SRR2978801
GSM1966113,SRR2978802
GSM1966114,SRR2978803
GSM1966115,SRR2978804
GSM1966116,SRR2978805
GSM1966117,SRR2978806
GSM1966118,SRR2978807
GSM1966119,SRR2978808
GSM1966120,SRR2978809
GSM1966121,SRR2978810
GSM1966122,SRR2978811
GSM1966123,SRR2978812
GSM1966124,SRR2978813
GSM1966125,SRR2978814
GSM1966126,SRR2978815
GSM1966127,SRR2978816
GSM1966128,SRR2978817
GSM1966129,SRR2978818
GSM1966130,SRR2978819
GSM1966131,SRR2978820
GSM1966132,SRR2978821
GSM1966133,SRR2978822
GSM1966134,SRR2978823
GSM1966135,SRR2978824
GSM1966136,SRR2978825
GSM1966137,SRR2978826
GSM1966138,SRR2978827
GSM1966139,SRR2978828
GSM1966140,SRR2978829
GSM1966141,SRR2978830
GSM1966142,SRR2978831
GSM1966143,SRR2978832
GSM1966144,SRR2978833
GSM1966145,SRR2978834
GSM1966146,SRR2978835
GSM1966147,SRR2978836
GSM1966148,SRR2978837
GSM1966149,SRR2978838
GSM1966150,SRR2978839
GSM1966151,SRR2978840
GSM1966152,SRR2978841
GSM1966153,SRR2978842
GSM1966154,SRR2978843
GSM1966155,SRR2978844
GSM1966156,SRR2978845
GSM1966157,SRR2978846
GSM1966158,SRR2978847
GSM1966159,SRR2978848
GSM1966160,SRR2978849
GSM1966161,SRR2978850
GSM1966162,SRR2978851
GSM1966163,SRR2978852
GSM1966164,SRR2978853
GSM1966165,SRR2978854
GSM1966166,SRR2978855
GSM1966167,SRR2978856
GSM1966168,SRR2978857
GSM1966169,SRR2978858
GSM1966170,SRR2978860
GSM1966171,SRR2978861
GSM1966172,SRR2978862
GSM1966173,SRR2978863
GSM1966174,SRR2978864
GSM1966175,SRR2978865
GSM1966176,SRR2978866
GSM1966177,SRR2978867
GSM1966178,SRR2978868
GSM1966179,SRR2978869
GSM1966180,SRR2978870
GSM1966181,SRR2978871
GSM1966182,SRR2978872
GSM1966183,SRR2978873
GSM1966184,SRR2978874
GSM1966185,SRR2978875
GSM1966186,SRR2978876
GSM1966187,SRR2978877
GSM1966188,SRR2978878
GSM1966189,SRR2978879
GSM1966190,SRR2978880
GSM1966191,SRR2978881
GSM1966192,SRR2978882
GSM1966193,SRR2978883
GSM1966194,SRR2978884
GSM1966195,SRR2978885
GSM1966196,SRR2978886
GSM1966197,SRR2978887
GSM1966198,SRR2978888
GSM1966199,SRR2978889
GSM1966200,SRR2978890
GSM1966201,SRR2978891
GSM1966202,SRR2978892
GSM1966203,SRR2978893
GSM1966204,SRR2978894
GSM1966205,SRR2978895
GSM1966206,SRR2978896
GSM1966207,SRR2978897
GSM1966208,SRR2978898
GSM1966209,SRR2978899
GSM1966210,SRR2978900
GSM1966211,SRR2978901
GSM1966212,SRR2978902
GSM1966213,SRR2978903
GSM1966214,SRR2978904
GSM1966215,SRR2978905
GSM1966216,SRR2978906
GSM1966217,SRR2978907
GSM1966218,SRR2978908
GSM1966219,SRR2978909
GSM1966220,SRR2978910
GSM1966221,SRR2978911
GSM1966222,SRR2978912
GSM1966223,SRR2978913
GSM1966224,SRR2978914
GSM1966225,SRR2978915
GSM1966226,SRR2978916
GSM1966227,SRR2978917
GSM1966228,SRR2978918
GSM1966229,SRR2978919
GSM1966230,SRR2978920
GSM1966231,SRR2978921
GSM1966232,SRR2978922
GSM1966233,SRR2978923
GSM1966234,SRR2978924
GSM1966235,SRR2978925
GSM1966236,SRR2978926
GSM1966237,SRR2978927
GSM1966238,SRR2978928
GSM1966239,SRR2978929
GSM1966240,SRR2978930
GSM1966241,SRR2978931
GSM1966242,SRR2978932
GSM1966243,SRR2978933
GSM1966244,SRR2978934
GSM1966245,SRR2978935
GSM1966246,SRR2978936
GSM1966247,SRR2978937
GSM1966248,SRR2978938
GSM1966249,SRR2978939
GSM1966250,SRR2978940
GSM1966251,SRR2978941
GSM1966252,SRR2978942
GSM1966253,SRR2978943
GSM1966254,SRR2978944
GSM1966255,SRR2978945
GSM1966256,SRR2978946
GSM1966257,SRR2978947
GSM1966258,SRR2978948
GSM1966259,SRR2978949
GSM1966260,SRR2978950
GSM1966261,SRR2978951
GSM1966262,SRR2978952
GSM1966263,SRR2978953
GSM1966264,SRR2978954
GSM1966265,SRR2978955
GSM1966266,SRR2978956
GSM1966267,SRR2978957
GSM1966268,SRR2978958
GSM1966269,SRR2978959
GSM1966270,SRR2978960
GSM1966271,SRR2978961
GSM1966272,SRR2978962
GSM1966273,SRR2978963
GSM1966274,SRR2978964
GSM1966275,SRR2978965
GSM1966276,SRR2978966
GSM1966277,SRR2978967
GSM1966278,SRR2978968
GSM1966279,SRR2978969
GSM1966280,SRR2978970
GSM1966281,SRR2978971
GSM1966282,SRR2978972
GSM1966283,SRR2978973
GSM1966284,SRR2978974
GSM1966285,SRR2978975
GSM1966286,SRR2978976
GSM1966287,SRR2978977
GSM1966288,SRR2978978
GSM1966289,SRR2978979
GSM1966290,SRR2978980
GSM1966291,SRR2978981
GSM1966292,SRR2978982
GSM1966293,SRR2978983
GSM1966294,SRR2978984
GSM1966295,SRR2978985
GSM1966296,SRR2978986
GSM1966297,SRR2978987
GSM1966298,SRR2978988
GSM1966299,SRR2978989
GSM1966300,SRR2978990
GSM1966301,SRR2978991
GSM1966302,SRR2978992
GSM1966303,SRR2978993
GSM1966304,SRR2978994
GSM1966305,SRR2978995
GSM1966306,SRR2978996
GSM1966307,SRR2978997
GSM1966308,SRR2978998
GSM1966309,SRR2978999
GSM1966310,SRR2979000
GSM1966311,SRR2979001
GSM1966312,SRR2979002
GSM1966313,SRR2979003
GSM1966314,SRR2979004
GSM1966315,SRR2979005
GSM1966316,SRR2979006
GSM1966317,SRR2979007
GSM1966318,SRR2979008
GSM1966319,SRR2979009
GSM1966320,SRR2979010
GSM1966321,SRR2979011
GSM1966322,SRR2979012
GSM1966323,SRR2979013
GSM1966324,SRR2979014
GSM1966325,SRR2979015
GSM1966326,SRR2979016
GSM1966327,SRR2979017
GSM1966328,SRR2979018
GSM1966329,SRR2979019
GSM1966330,SRR2979020
GSM1966331,SRR2979021
GSM1966332,SRR2979022
GSM1966333,SRR2979023
GSM1966334,SRR2979024
GSM1966335,SRR2979025
GSM1966336,SRR2979026
GSM1966337,SRR2979027
GSM1966338,SRR2979028
GSM1966339,SRR2979029
GSM1966340,SRR2979030
GSM1966341,SRR2979031
GSM1966342,SRR2979032
GSM1966343,SRR2979034
GSM1966344,SRR2979035
GSM1966345,SRR2979036
GSM1966346,SRR2979037
GSM1966347,SRR2979038
GSM1966348,SRR2979039
GSM1966349,SRR2979040
GSM1966350,SRR2979041
GSM1966351,SRR2979042
GSM1966352,SRR2979043
GSM1966353,SRR2979044
GSM1966354,SRR2979045
GSM1966355,SRR2979046
GSM1966356,SRR2979047
GSM1966357,SRR2979048
GSM1966358,SRR2979049
GSM1966359,SRR2979050
GSM1966360,SRR2979051
GSM1966361,SRR2979052
GSM1966362,SRR2979053
GSM1966363,SRR2979054
GSM1966364,SRR2979055
GSM1966365,SRR2979056
GSM1966366,SRR2979057
GSM1966367,SRR2979058
GSM1966368,SRR2979059
GSM1966369,SRR2979060
GSM1966370,SRR2979061
GSM1966371,SRR2979062
GSM1966372,SRR2979063
GSM1966373,SRR2979064
GSM1966374,SRR2979065
GSM1966375,SRR2979066
GSM1966376,SRR2979067
GSM1966377,SRR2979068
GSM1966378,SRR2979069
GSM1966379,SRR2979070
GSM1966380,SRR2979071
GSM1966381,SRR2979072
GSM1966382,SRR2979073
GSM1966383,SRR2979074
GSM1966384,SRR2979075
GSM1966385,SRR2979076
GSM1966386,SRR2979077
GSM1966387,SRR2979078
GSM1966388,SRR2979079
GSM1966389,SRR2979080
GSM1966390,SRR2979081
GSM1966391,SRR2979082
GSM1966392,SRR2979083
GSM1966393,SRR2979084
GSM1966394,SRR2979085
GSM1966395,SRR2979086
GSM1966396,SRR2979087
GSM1966397,SRR2979088
GSM1966398,SRR2979089
GSM1966399,SRR2979090
GSM1966400,SRR2979091
GSM1966401,SRR2979092
GSM1966402,SRR2979093
GSM1966403,SRR2979094
GSM1966404,SRR2979095
GSM1966405,SRR2979096
GSM1966406,SRR2979097
GSM1966407,SRR2979098
GSM1966408,SRR2979099
GSM1966409,SRR2979100
GSM1966410,SRR2979101
GSM1966411,SRR2979102
GSM1966412,SRR2979103
GSM1966413,SRR2979104
GSM1966414,SRR2979105
GSM1966415,SRR2979106
GSM1966416,SRR2979107
GSM1966417,SRR2979108
GSM1966418,SRR2979109
GSM1966419,SRR2979110
GSM1966420,SRR2979111
GSM1966421,SRR2979112
GSM1966422,SRR2979113
GSM1966423,SRR2979114
GSM1966424,SRR2979115
GSM1966425,SRR2979116
GSM1966426,SRR2979117
GSM1966427,SRR2979118
GSM1966428,SRR2979119
GSM1966429,SRR2979120
GSM1966430,SRR2979121
GSM1966431,SRR2979122
GSM1966432,SRR2979123
GSM1966433,SRR2979124
GSM1966434,SRR2979125
GSM1966435,SRR2979126
GSM1966436,SRR2979127
GSM1966437,SRR2979128
GSM1966438,SRR2979129
GSM1966439,SRR2979130
GSM1966440,SRR2979131
GSM1966441,SRR2979132
GSM1966442,SRR2979133
GSM1966443,SRR2979134
GSM1966444,SRR2979135
GSM1966445,SRR2979136
GSM1966446,SRR2979137
GSM1966447,SRR2979138
GSM1966448,SRR2979139
GSM1966449,SRR2979140
GSM1966450,SRR2979141
GSM1966451,SRR2979142
GSM1966452,SRR2979143
GSM1966453,SRR2979144
GSM1966454,SRR2979145
GSM1966455,SRR2979146
GSM1966456,SRR2979147
GSM1966457,SRR2979148
GSM1966458,SRR2979149
GSM1966459,SRR2979150
GSM1966460,SRR2979151
GSM1966461,SRR2979152
GSM1966462,SRR2979153
GSM1966463,SRR2979154
GSM1966464,SRR2979155
GSM1966465,SRR2979156
GSM1966466,SRR2979157
GSM1966467,SRR2979158
GSM1966468,SRR2979159
GSM1966469,SRR2979160
GSM1966470,SRR2979161
GSM1966471,SRR2979162
GSM1966472,SRR2979163
GSM1966473,SRR2979164
GSM1966474,SRR2979165
GSM1966475,SRR2979166
GSM1966476,SRR2979167
GSM1966477,SRR2979168
GSM1966478,SRR2979169
GSM1966479,SRR2979170
GSM1966480,SRR2979171
GSM1966481,SRR2979172
GSM1966482,SRR2979173
GSM1966483,SRR2979174
GSM1966484,SRR2979175
GSM1966485,SRR2979176
GSM1966486,SRR2979177
GSM1966487,SRR2979178
GSM1966488,SRR2979179
GSM1966489,SRR2979180
GSM1966490,SRR2979181
GSM1966491,SRR2979182
GSM1966492,SRR2979183
GSM1966493,SRR2979184
GSM1966494,SRR2979185
GSM1966495,SRR2979186
GSM1966496,SRR2979187
GSM1966497,SRR2979188
GSM1966498,SRR2979189
GSM1966499,SRR2979190
GSM1966500,SRR2979191
GSM1966501,SRR2979192
GSM1966502,SRR2979193
GSM1966503,SRR2979194
GSM1966504,SRR2979195
GSM1966505,SRR2979196
GSM1966506,SRR2979197
GSM1966507,SRR2979198
GSM1966508,SRR2979199
GSM1966509,SRR2979200
GSM1966510,SRR2979201
GSM1966511,SRR2979202
GSM1966512,SRR2979203
GSM1966513,SRR2979204
GSM1966514,SRR2979205
GSM1966515,SRR2979206
GSM1966516,SRR2979207
GSM1966517,SRR2979208
GSM1966518,SRR2979209
GSM1966519,SRR2979210
GSM1966520,SRR2979211
GSM1966521,SRR2979212
GSM1966522,SRR2979213
GSM1966523,SRR2979214
GSM1966524,SRR2979215
GSM1966525,SRR2979216
GSM1966526,SRR2979217
GSM1966527,SRR2979218
GSM1966528,SRR2979219
GSM1966529,SRR2979220
GSM1966530,SRR2979221
GSM1966531,SRR2979222
GSM1966532,SRR2979223
GSM1966533,SRR2979224
GSM1966534,SRR2979225
GSM1966535,SRR2979226
GSM1966536,SRR2979227
GSM1966537,SRR2979228
GSM1966538,SRR2979229
GSM1966539,SRR2979230
GSM1966540,SRR2979231
GSM1966541,SRR2979232
GSM1966542,SRR2979233
GSM1966543,SRR2979235
GSM1966544,SRR2979236
GSM1966545,SRR2979237
GSM1966546,SRR2979238
GSM1966547,SRR2979239
GSM1966548,SRR2979240
GSM1966549,SRR2979241
GSM1966550,SRR2979242
GSM1966551,SRR2979243
GSM1966552,SRR2979244
GSM1966553,SRR2979245
GSM1966554,SRR2979246
GSM1966555,SRR2979247
GSM1966556,SRR2979248
GSM1966557,SRR2979249
GSM1966558,SRR2979250
GSM1966559,SRR2979251
GSM1966560,SRR2979252
GSM1966561,SRR2979253
GSM1966562,SRR2979254
GSM1966563,SRR2979255
GSM1966564,SRR2979256
GSM1966565,SRR2979257
GSM1966566,SRR2979258
GSM1966567,SRR2979259
GSM1966568,SRR2979260
GSM1966569,SRR2979261
GSM1966570,SRR2979262
GSM1966571,SRR2979263
GSM1966572,SRR2979264
GSM1966573,SRR2979265
GSM1966574,SRR2979266
GSM1966575,SRR2979267
GSM1966576,SRR2979268
GSM1966577,SRR2979269
GSM1966578,SRR2979270
GSM1966579,SRR2979271
GSM1966580,SRR2979272
GSM1966581,SRR2979273
GSM1966582,SRR2979274
GSM1966583,SRR2979275
GSM1966584,SRR2979276
GSM1966585,SRR2979277
GSM1966586,SRR2979278
GSM1966587,SRR2979279
GSM1966588,SRR2979280
GSM1966589,SRR2979281
GSM1966590,SRR2979282
GSM1966591,SRR2979283
GSM1966592,SRR2979284
GSM1966593,SRR2979285
GSM1966594,SRR2979286
GSM1966595,SRR2979287
GSM1966596,SRR2979288
GSM1966597,SRR2979289
GSM1966598,SRR2979290
GSM1966599,SRR2979291
GSM1966600,SRR2979292
GSM1966601,SRR2979293
GSM1966602,SRR2979294
GSM1966603,SRR2979295
GSM1966604,SRR2979296
GSM1966605,SRR2979297
GSM1966606,SRR2979298
GSM1966607,SRR2979299
GSM1966608,SRR2979300
GSM1966609,SRR2979301
GSM1966610,SRR2979302
GSM1966611,SRR2979303
GSM1966612,SRR2979304
GSM1966613,SRR2979305
GSM1966614,SRR2979306
GSM1966615,SRR2979307
GSM1966616,SRR2979308
GSM1966617,SRR2979309
GSM1966618,SRR2979310
GSM1966619,SRR2979311
GSM1966620,SRR2979312
GSM1966621,SRR2979313
GSM1966622,SRR2979314
GSM1966623,SRR2979315
GSM1966624,SRR2979316
GSM1966625,SRR2979317
GSM1966626,SRR2979318
GSM1966627,SRR2979319
GSM1966628,SRR2979320
GSM1966629,SRR2979321
GSM1966630,SRR2979322
GSM1966631,SRR2979323
GSM1966632,SRR2979324
GSM1966633,SRR2979325
GSM1966634,SRR2979326
GSM1966635,SRR2979327
GSM1966636,SRR2979328
GSM1966637,SRR2979329
GSM1966638,SRR2979330
GSM1966639,SRR2979331
GSM1966640,SRR2979332
GSM1966641,SRR2979333
GSM1966642,SRR2979334
GSM1966643,SRR2979335
GSM1966644,SRR2979336
GSM1966645,SRR2979337
GSM1966646,SRR2979338
GSM1966647,SRR2979339
GSM1966648,SRR2979340
GSM1966649,SRR2979341
GSM1966650,SRR2979342
GSM1966651,SRR2979343
GSM1966652,SRR2979344
GSM1966653,SRR2979345
GSM1966654,SRR2979346
GSM1966655,SRR2979347
GSM1966656,SRR2979348
GSM1966657,SRR2979349
GSM1966658,SRR2979350
GSM1966659,SRR2979351
GSM1966660,SRR2979352
GSM1966661,SRR2979353
GSM1966662,SRR2979354
GSM1966663,SRR2979355
GSM1966664,SRR2979356
GSM1966665,SRR2979357
GSM1966666,SRR2979358
GSM1966667,SRR2979359
GSM1966668,SRR2979360
GSM1966669,SRR2979361
GSM1966670,SRR2979362
GSM1966671,SRR2979363
GSM1966672,SRR2979364
GSM1966673,SRR2979365
GSM1966674,SRR2979366
GSM1966675,SRR2979367
GSM1966676,SRR2979368
GSM1966677,SRR2979369
GSM1966678,SRR2979370
GSM1966679,SRR2979371
GSM1966680,SRR2979372
GSM1966681,SRR2979373
GSM1966682,SRR2979374
GSM1966683,SRR2979375
GSM1966684,SRR2979376
GSM1966685,SRR2979377
GSM1966686,SRR2979378
GSM1966687,SRR2979379
GSM1966688,SRR2979380
GSM1966689,SRR2979381
GSM1966690,SRR2979382
GSM1966691,SRR2979383
GSM1966692,SRR2979384
GSM1966693,SRR2979385
GSM1966694,SRR2979386
GSM1966695,SRR2979387
GSM1966696,SRR2979388
GSM1966697,SRR2979389
GSM1966698,SRR2979390
GSM1966699,SRR2979391
GSM1966700,SRR2979392
GSM1966701,SRR2979393
GSM1966702,SRR2979394
GSM1966703,SRR2979395
GSM1966704,SRR2979396
GSM1966705,SRR2979397
GSM1966706,SRR2979398
GSM1966707,SRR2979399
GSM1966708,SRR2979401
GSM1966709,SRR2979402
GSM1966710,SRR2979403
GSM1966711,SRR2979404
GSM1966712,SRR2979405
GSM1966713,SRR2979406
GSM1966714,SRR2979407
GSM1966715,SRR2979408
GSM1966716,SRR2979409
GSM1966717,SRR2979410
GSM1966718,SRR2979411
GSM1966719,SRR2979412
GSM1966720,SRR2979413
GSM1966721,SRR2979414
GSM1966722,SRR2979415
GSM1966723,SRR2979416
GSM1966724,SRR2979417
GSM1966725,SRR2979418
GSM1966726,SRR2979419
GSM1966727,SRR2979420
GSM1966728,SRR2979421
GSM1966729,SRR2979422
GSM1966730,SRR2979423
GSM1966731,SRR2979424
GSM1966732,SRR2979425
GSM1966733,SRR2979426
GSM1966734,SRR2979427
GSM1966735,SRR2979428
GSM1966736,SRR2979429
GSM1966737,SRR2979430
GSM1966738,SRR2979431
GSM1966739,SRR2979432
GSM1966740,SRR2979433
GSM1966741,SRR2979434
GSM1966742,SRR2979435
GSM1966743,SRR2979436
GSM1966744,SRR2979437
GSM1966745,SRR2979438
GSM1966746,SRR2979439
GSM1966747,SRR2979440
